4evac.si;
4food.si;
agrifirm.si;
agrifirmplant.si;
alphatuningfiles.si;
australiangold4you.si;
australiangoldsunprotection.si;
bakemark.si;
berg.si;
bergtoys.si;
brightfocus.si;
budgetair.si;
bugaboo.si;
bugabooboxer.si;
busisource.si;
cable-company.si;
cakesupplies.si;
cameramanager.si;
climategroupholland.si;
climatgroupholland.si;
comosaber.si;
conferencecall.si;
conferencecalling.si;
coolblue.si;
coolermaster.si;
coolgift.si;
coolgifts.si;
cordstrap.si;
datadigest.si;
delopritecline.si;
densopromo.si;
dermatude.si;
drugebesede.si;
durolane.si;
estupendamente.si;
europromos.si;
exogen.si;
findhotel.si;
flowmagazine.si;
funnygames.si;
gerbing.si;
gerbings.si;
glasslovenije.si;
gledoskop.si;
headset.si;
headsets.si;
herock.si;
herockworkwear.si;
hollandshielding.si;
imcd.si;
izito.si;
j-lineshop.si;
jlineshop.si;
job4everybody.si;
justfire.si;
kabooo.si;
ko.si;
landal.si;
landalskilife.si;
leaderssl.si;
leekseek.si;
lookx.si;
lornahsports.si;
magnetbarva.si;
magpaint.si;
mardomedia.si;
mecodo.si;
melo.si;
meta-therapy.si;
mimaki.si;
mojaplaca.si;
mongozo.si;
moomba.si;
mycaravanmover.si;
neptunus.si;
nomasvello.si;
obelink.si;
paywhenok.si;
pellygrill.si;
privado.si;
pro-one.si;
promiss.si;
quofi.si;
raet.si;
sempergreen.si;
shemales.si;
shotseurope.si;
simplyok.si;
sketchpaint.si;
slide-out.si;
slideout.si;
smartstudents.si;
solvari.si;
spacescooter.si;
stikeez.si;
studentstay.si;
styletoday.si;
sunweb.si;
svetilainluci.si;
swingers.si;
teamie.si;
thenewmotion.si;
thevoicekids.si;
thevoiceofslovenia.si;
thewhites.si;
thewinneris.si;
vaya.si;
vertiplant.si;
worldeducationforum.si;
zapmeta.si;
